Context,CreatedAt,Dataset,SubDataset,Algorithm,AnomalyThreshold,TN,FP,FN,TP,Accuracy,Precision,Recall,F1-score,F2-score
Background_Filter,1748362298.9190044,ncc,scenario1,Autoencoder,0.1,7927,1613,705,412200,0.9945128951697855,0.9961021040904949,0.9982925854615469,0.9971961418524817,0.9978537188085985
RF_Single_Train-Class_Conditional,1748362318.9681816,ncc,scenario1,Autoencoder,0.1,416038,1807,1648,2952,0.9918214205399519,0.6202983820130279,0.6417391304347826,0.6308366278448552,0.6373332181873138
RF_Single_Train-Anomaly(with Normal),1748362319.0821798,ncc,scenario1,Autoencoder,0.1,417842,3,4327,273,0.9897501449892886,0.9891304347826086,0.059347826086956525,0.11197703035274816,0.07308845577211394
RF_Single_Train-Anomaly(with Botnet),1748362319.2223654,ncc,scenario1,Autoencoder,0.1,417450,395,4599,1,0.9881783427428422,0.0025252525252525255,0.0002173913043478261,0.00040032025620496394,0.0002660140455416046
RF_Single_Train-WithCorrelation,1748362324.841265,ncc,scenario1,Autoencoder,0.1,416073,1772,1648,2952,0.9919042715619785,0.6248941574936494,0.6417391304347826,0.6332046332046332,0.6382978723404256
RF_Single_Train-WithRatio,1748362325.0692923,ncc,scenario1,Autoencoder,0.1,416036,1809,0,4600,0.995717785747257,0.7177406771727258,1.0,0.8356798982650558,0.9270829134588254
RF_Single_Train-WithRatioAfterCorr,1748362325.2952893,ncc,scenario1,Autoencoder,0.1,416071,1774,0,4600,0.9958006367692835,0.721681832444305,1.0,0.8383451795152178,0.9283926697343989
Background_Filter,1748362464.7072668,ncc,scenario2,Autoencoder,0.1,5952,409,259,286417,0.997720424383269,0.9985740483777621,0.9990965410428497,0.9988352263810762,0.9989919987722615
RF_Single_Train-Class_Conditional,1748362482.036597,ncc,scenario2,Autoencoder,0.1,287310,927,182,4618,0.9962154949716248,0.8328223624887285,0.9620833333333333,0.8927984533591107,0.9331178015760759
RF_Single_Train-Anomaly(with Normal),1748362482.1159601,ncc,scenario2,Autoencoder,0.1,288236,1,4491,309,0.9846708777389885,0.9967741935483871,0.064375,0.12093933463796477,0.07919015889287545
RF_Single_Train-Anomaly(with Botnet),1748362482.194931,ncc,scenario2,Autoencoder,0.1,288030,207,4800,0,0.9829134204895628,0.0,0.0,0.0,0.0
RF_Single_Train-WithCorrelation,1748362486.196072,ncc,scenario2,Autoencoder,0.1,287353,884,182,4618,0.996362234120606,0.8393311523082515,0.9620833333333333,0.8965249466123083,0.9347421261436321
RF_Single_Train-WithRatio,1748362486.3520882,ncc,scenario2,Autoencoder,0.1,287310,927,0,4800,0.9968365769510334,0.8381351492928235,1.0,0.9119407238529496,0.9628114093152004
RF_Single_Train-WithRatioAfterCorr,1748362486.5267909,ncc,scenario2,Autoencoder,0.1,287353,884,0,4800,0.9969833161000147,0.844475721323012,1.0,0.9156810377718428,0.9644751647645073
Background_Filter,1748362782.1285086,ncc,scenario3,Autoencoder,0.1,13091,662,478,566892,0.9980382810523761,0.9988335911648936,0.9991575162592312,0.9989955274538207,0.999092714433454
RF_Single_Train-Class_Conditional,1748362797.1743195,ncc,scenario3,Autoencoder,0.1,580710,13,0,400,0.9999776295207727,0.9685230024213075,1.0,0.984009840098401,0.9935419771485345
RF_Single_Train-Anomaly(with Normal),1748362797.317504,ncc,scenario3,Autoencoder,0.1,580428,295,38,362,0.9994269715705625,0.5509893455098934,0.905,0.684957426679281,0.8019494904740806
RF_Single_Train-Anomaly(with Botnet),1748362797.4634435,ncc,scenario3,Autoencoder,0.1,580671,52,400,0,0.9992221956453281,0.0,0.0,0.0,0.0
RF_Single_Train-WithCorrelation,1748362802.9998558,ncc,scenario3,Autoencoder,0.1,580718,5,0,400,0.999991395969528,0.9876543209876543,1.0,0.9937888198757764,0.9975062344139651
RF_Single_Train-WithRatio,1748362803.2528303,ncc,scenario3,Autoencoder,0.1,580710,13,0,400,0.9999776295207727,0.9685230024213075,1.0,0.984009840098401,0.9935419771485345
RF_Single_Train-WithRatioAfterCorr,1748362803.5062485,ncc,scenario3,Autoencoder,0.1,580718,5,0,400,0.999991395969528,0.9876543209876543,1.0,0.9937888198757764,0.9975062344139651
Background_Filter,1748362878.9399137,ncc,scenario4,Autoencoder,0.1,4776,978,438,138687,0.9902263267968443,0.9929975298034582,0.9968517520215634,0.994920908210481,0.9960785158690828
RF_Single_Train-Class_Conditional,1748362894.9854012,ncc,scenario4,Autoencoder,0.1,142638,41,284,1916,0.9977567487351514,0.9790495656617272,0.8709090909090909,0.921818619196536,0.8905828762666171
RF_Single_Train-Anomaly(with Normal),1748362895.0486891,ncc,scenario4,Autoencoder,0.1,142676,3,1983,217,0.986292009193879,0.9863636363636363,0.09863636363636363,0.1793388429752066,0.12028824833702882
RF_Single_Train-Anomaly(with Botnet),1748362895.096198,ncc,scenario4,Autoencoder,0.1,142418,261,2200,0,0.983013411191408,0.0,0.0,0.0,0.0
RF_Single_Train-WithCorrelation,1748362896.2031136,ncc,scenario4,Autoencoder,0.1,142645,34,284,1916,0.9978050649162404,0.9825641025641025,0.8709090909090909,0.9233734939759036,0.8911627906976745
RF_Single_Train-WithRatio,1748362896.266446,ncc,scenario4,Autoencoder,0.1,142638,41,0,2200,0.9997170052250499,0.9817045961624274,1.0,0.990767845079937,0.9962865682456299
RF_Single_Train-WithRatioAfterCorr,1748362896.3297741,ncc,scenario4,Autoencoder,0.1,142645,34,0,2200,0.9997653214061389,0.9847806624888094,1.0,0.9923319801533604,0.9969186151894145
Background_Filter,1748362903.9001203,ncc,scenario5,Autoencoder,0.1,4146,165,67,14206,0.9875161429186397,0.9885185442905852,0.9953058221817418,0.9919005725457338,0.9939409204763304
RF_Single_Train-Class_Conditional,1748362910.729831,ncc,scenario5,Autoencoder,0.1,14715,69,214,3586,0.9847718467498924,0.9811217510259918,0.9436842105263158,0.962038900067069,0.950941394855476
RF_Single_Train-Anomaly(with Normal),1748362910.7435868,ncc,scenario5,Autoencoder,0.1,14784,0,3590,210,0.806823073611709,1.0,0.05526315789473684,0.10473815461346633,0.0681375730045425
RF_Single_Train-Anomaly(with Botnet),1748362910.7572951,ncc,scenario5,Autoencoder,0.1,14579,205,3794,6,0.7848148945329315,0.02843601895734597,0.0015789473684210526,0.0029917726252804786,0.0019466614755693985
RF_Single_Train-WithCorrelation,1748362910.956786,ncc,scenario5,Autoencoder,0.1,14719,65,214,3586,0.9849870856650883,0.9821966584497398,0.9436842105263158,0.9625553616964165,0.9511431754283592
RF_Single_Train-WithRatio,1748362910.9890862,ncc,scenario5,Autoencoder,0.1,14715,69,0,3800,0.9962871287128713,0.9821659343499612,1.0,0.99100273829704,0.9963815616969951
RF_Single_Train-WithRatioAfterCorr,1748362911.0048013,ncc,scenario5,Autoencoder,0.1,14719,65,0,3800,0.9965023676280672,0.9831824062095731,1.0,0.9915198956294846,0.996590611067401
Background_Filter,1748362957.8568535,ncc,scenario6,Autoencoder,0.1,2195,419,214,99577,0.9938186611981836,0.9958098323932957,0.9978555180326883,0.9968316256813506,0.9974457087907684
RF_Single_Train-Class_Conditional,1748362961.427155,ncc,scenario6,Autoencoder,0.1,101190,15,200,1000,0.9979004931399834,0.9852216748768473,0.8333333333333334,0.9029345372460497,0.8598452278589854
RF_Single_Train-Anomaly(with Normal),1748362961.452401,ncc,scenario6,Autoencoder,0.1,101198,7,1200,0,0.9882134661393487,0.0,0.0,0.0,0.0
RF_Single_Train-Anomaly(with Botnet),1748362961.473382,ncc,scenario6,Autoencoder,0.1,101086,119,1200,0,0.9871197695425028,0.0,0.0,0.0,0.0
RF_Single_Train-WithCorrelation,1748362962.3760269,ncc,scenario6,Autoencoder,0.1,101197,8,200,1000,0.9979688491772862,0.9920634920634921,0.8333333333333334,0.9057971014492754,0.8608815426997245
RF_Single_Train-WithRatio,1748362962.4237454,ncc,scenario6,Autoencoder,0.1,101187,18,0,1200,0.9998242273326498,0.9852216748768473,1.0,0.9925558312655087,0.9970089730807578
RF_Single_Train-WithRatioAfterCorr,1748362962.4559247,ncc,scenario6,Autoencoder,0.1,101194,11,0,1200,0.9998925833699527,0.990916597853014,1.0,0.9954375777685608,0.9981700216270172
Background_Filter,1748362968.6705256,ncc,scenario7,Autoencoder,0.1,1981,76,29,14610,0.9937110685194058,0.994825003404603,0.9980189903681945,0.9964194373401535,0.9973785532890964
RF_Single_Train-Class_Conditional,1748362971.9922252,ncc,scenario7,Autoencoder,0.1,14782,114,31,1769,0.9913152850982271,0.9394583112055231,0.9827777777777778,0.9606299212598425,0.9737972035671034
RF_Single_Train-Anomaly(with Normal),1748362972.0039775,ncc,scenario7,Autoencoder,0.1,14896,0,1800,0,0.8921897460469573,0.0,0.0,0.0,0.0
RF_Single_Train-Anomaly(with Botnet),1748362972.0157287,ncc,scenario7,Autoencoder,0.1,14797,99,1800,0,0.88626018207954,0.0,0.0,0.0,0.0
RF_Single_Train-WithCorrelation,1748362972.2645402,ncc,scenario7,Autoencoder,0.1,14789,107,31,1769,0.9917345471969334,0.9429637526652452,0.9827777777777778,0.9624591947769314,0.9745482591449978
RF_Single_Train-WithRatio,1748362972.2804892,ncc,scenario7,Autoencoder,0.1,14782,114,0,1800,0.9931720172496407,0.9404388714733543,1.0,0.9693053311793215,0.9874917709019092
RF_Single_Train-WithRatioAfterCorr,1748362972.2965124,ncc,scenario7,Autoencoder,0.1,14789,107,0,1800,0.9935912793483469,0.9438909281594127,1.0,0.9711356892365794,0.988250796090919
Background_Filter,1748363328.0803173,ncc,scenario8,Autoencoder,0.1,14352,2704,1709,555479,0.9923151134361003,0.9951557105823717,0.9969328126233874,0.996043468944414,0.9965768846420889
RF_Single_Train-Class_Conditional,1748363357.2633836,ncc,scenario8,Autoencoder,0.1,570588,856,661,2139,0.9973582658242838,0.7141903171953256,0.7639285714285714,0.7382226056945643,0.7534343078548785
RF_Single_Train-Anomaly(with Normal),1748363357.4062278,ncc,scenario8,Autoencoder,0.1,571318,126,2231,569,0.9958954730045068,0.818705035971223,0.2032142857142857,0.3256080114449213,0.23917612442202607
RF_Single_Train-Anomaly(with Botnet),1748363357.5486188,ncc,scenario8,Autoencoder,0.1,570784,660,2800,0,0.9939746867185377,0.0,0.0,0.0,0.0
RF_Single_Train-WithCorrelation,1748363362.52575,ncc,scenario8,Autoencoder,0.1,570601,843,661,2139,0.9973809042845898,0.7173038229376257,0.7639285714285714,0.7398823936354203,0.7541249471160626
RF_Single_Train-WithRatio,1748363362.7803056,ncc,scenario8,Autoencoder,0.1,570588,856,0,2800,0.9985093444598463,0.7658643326039387,1.0,0.8674101610904585,0.942380183091007
RF_Single_Train-WithRatioAfterCorr,1748363363.0421505,ncc,scenario8,Autoencoder,0.1,570601,843,0,2800,0.9985319829201524,0.7685973099094153,1.0,0.8691603290392674,0.9432055514383885
Background_Filter,1748363536.9300787,ncc,scenario9,Autoencoder,0.1,45844,1848,1294,265676,0.9900146824211375,0.9930922085495133,0.9951530134472039,0.9941215429920636,0.9947401685182911
RF_Single_Train-Class_Conditional,1748363602.7629197,ncc,scenario9,Autoencoder,0.1,268368,2294,1716,42284,0.9872561669346791,0.9485396383866481,0.961,0.954729165255481,0.958481806889173
RF_Single_Train-Anomaly(with Normal),1748363602.8572123,ncc,scenario9,Autoencoder,0.1,270619,43,41802,2198,0.867016036254775,0.9808121374386435,0.04995454545454545,0.09506714820181224,0.06165809213368417
RF_Single_Train-Anomaly(with Botnet),1748363602.9369688,ncc,scenario9,Autoencoder,0.1,269390,1272,42984,1016,0.8593538463494163,0.44405594405594406,0.023090909090909092,0.043899066712754925,0.02849322444584044
RF_Single_Train-WithCorrelation,1748363606.8792667,ncc,scenario9,Autoencoder,0.1,268443,2219,1716,42284,0.9874945179271727,0.9501381929308137,0.961,0.9555382303424743,0.9588078166736961
RF_Single_Train-WithRatio,1748363607.042878,ncc,scenario9,Autoencoder,0.1,268229,2433,0,44000,0.9922678938035098,0.9476019210475308,1.0,0.9730961042982097,0.989061874811741
RF_Single_Train-WithRatioAfterCorr,1748363607.1986146,ncc,scenario9,Autoencoder,0.1,268304,2358,0,44000,0.9925062447960034,0.9491349928814875,1.0,0.9739038048650922,0.9893954793621097
Background_Filter,1748363713.4016876,ncc,scenario10,Autoencoder,0.1,13979,640,373,181883,0.9948546031746032,0.9964935925883314,0.9979534281450267,0.9972229761033393,0.9976611189549195
RF_Single_Train-Class_Conditional,1748363740.5318618,ncc,scenario10,Autoencoder,0.1,184124,751,0,12000,0.9961853968253969,0.9411026586150106,1.0,0.9696577916043796,0.9876380635709701
RF_Single_Train-Anomaly(with Normal),1748363740.5992339,ncc,scenario10,Autoencoder,0.1,184875,0,11971,29,0.9391949206349206,1.0,0.002416666666666667,0.00482168093773381,0.0030190093485186033
RF_Single_Train-Anomaly(with Botnet),1748363740.646726,ncc,scenario10,Autoencoder,0.1,184165,710,12000,0,0.9354412698412699,0.0,0.0,0.0,0.0
RF_Single_Train-WithCorrelation,1748363742.425888,ncc,scenario10,Autoencoder,0.1,184134,741,0,12000,0.9962361904761905,0.9418412997409936,1.0,0.9700497150478962,0.9878006618264434
RF_Single_Train-WithRatio,1748363742.5050757,ncc,scenario10,Autoencoder,0.1,184121,754,0,12000,0.9961701587301587,0.9408812921436412,1.0,0.9695402763189788,0.9875892945320472
RF_Single_Train-WithRatioAfterCorr,1748363742.5998693,ncc,scenario10,Autoencoder,0.1,184131,744,0,12000,0.9962209523809524,0.9416195856873822,1.0,0.9699321047526673,0.9877518767285658
Background_Filter,1748363744.9111557,ncc,scenario11,Autoencoder,0.1,2626,9,2,3556,0.9982238010657194,0.9974754558204768,0.9994378864530635,0.9984557068650849,0.9990447828285666
RF_Single_Train-Class_Conditional,1748363750.9219024,ncc,scenario11,Autoencoder,0.1,3793,0,413,1987,0.9333118036492815,1.0,0.8279166666666666,0.9058582174606793,0.8574264261672564
RF_Single_Train-Anomaly(with Normal),1748363750.9356856,ncc,scenario11,Autoencoder,0.1,3793,0,2283,117,0.6313579848215728,1.0,0.04875,0.09296781883194279,0.06020376659462797
RF_Single_Train-Anomaly(with Botnet),1748363750.9457066,ncc,scenario11,Autoencoder,0.1,3694,99,2400,0,0.5964798966575166,0.0,0.0,0.0,0.0
RF_Single_Train-WithCorrelation,1748363751.0598989,ncc,scenario11,Autoencoder,0.1,3793,0,413,1987,0.9333118036492815,1.0,0.8279166666666666,0.9058582174606793,0.8574264261672564
RF_Single_Train-WithRatio,1748363751.0796998,ncc,scenario11,Autoencoder,0.1,3793,0,0,2400,1.0,1.0,1.0,1.0,1.0
RF_Single_Train-WithRatioAfterCorr,1748363751.089731,ncc,scenario11,Autoencoder,0.1,3793,0,0,2400,1.0,1.0,1.0,1.0,1.0
Background_Filter,1748363776.4962122,ncc,scenario12,Autoencoder,0.1,2609,324,144,51761,0.9914657719099894,0.9937793990592301,0.9972257007995377,0.9954995672660832,0.9965345295623881
RF_Single_Train-Class_Conditional,1748363786.027144,ncc,scenario12,Autoencoder,0.1,53001,37,215,1585,0.9954046464130712,0.9771886559802713,0.8805555555555555,0.9263588544710696,0.8983223758784856
RF_Single_Train-Anomaly(with Normal),1748363786.0586345,ncc,scenario12,Autoencoder,0.1,53035,3,1690,110,0.9691272475290856,0.9734513274336283,0.06111111111111111,0.11500261369576581,0.07520853274989744
RF_Single_Train-Anomaly(with Botnet),1748363786.074654,ncc,scenario12,Autoencoder,0.1,52963,75,1800,0,0.9658083810496371,0.0,0.0,0.0,0.0
RF_Single_Train-WithCorrelation,1748363786.5960658,ncc,scenario12,Autoencoder,0.1,53012,26,215,1585,0.9956052372442467,0.983860955927995,0.8805555555555555,0.9293462327763119,0.8994438769719668
RF_Single_Train-WithRatio,1748363786.6329052,ncc,scenario12,Autoencoder,0.1,53001,37,104,1696,0.9974287902549327,0.9786497403346798,0.9422222222222222,0.9600905745825078,0.9492891525803202
RF_Single_Train-WithRatioAfterCorr,1748363786.6583207,ncc,scenario12,Autoencoder,0.1,53012,26,104,1696,0.9976293810861082,0.9849012775842044,0.9422222222222222,0.9630891538898353,0.95045953822013
Background_Filter,1748363965.3811042,ncc,scenario13,Autoencoder,0.1,9530,618,511,364639,0.9969917239100662,0.9983080406398782,0.9986005751061208,0.9984542864457762,0.9985420544982438
RF_Single_Train-Class_Conditional,1748363993.1197062,ncc,scenario13,Autoencoder,0.1,371327,171,1734,2066,0.9949240337012187,0.9235583370585606,0.5436842105263158,0.6844459168461157,0.5924184205998738
RF_Single_Train-Anomaly(with Normal),1748363993.2152412,ncc,scenario13,Autoencoder,0.1,371467,31,3329,471,0.9910471145596299,0.9382470119521913,0.12394736842105263,0.21896792189679218,0.14998089415361102
RF_Single_Train-Anomaly(with Botnet),1748363993.325706,ncc,scenario13,Autoencoder,0.1,371013,485,3795,5,0.988595729260481,0.01020408163265306,0.0013157894736842105,0.002331002331002331,0.0015933715742511153
RF_Single_Train-WithCorrelation,1748363997.5142882,ncc,scenario13,Autoencoder,0.1,371359,139,1734,2066,0.9950092992768413,0.9369614512471656,0.5436842105263158,0.6880932556203164,0.5935076127549554
RF_Single_Train-WithRatio,1748363997.699848,ncc,scenario13,Autoencoder,0.1,371327,171,0,3800,0.9995443620802669,0.9569377990430622,1.0,0.9779951100244498,0.9910802775024777
RF_Single_Train-WithRatioAfterCorr,1748363997.879376,ncc,scenario13,Autoencoder,0.1,371359,139,0,3800,0.9996296276558895,0.9647118558009647,1.0,0.9820390231296033,0.9927373425988819
Background_Filter,1748364719.9029908,ncc2,scenario1,Autoencoder,0.1,37658,4612,2908,933854,0.9923189436096063,0.9950855971340464,0.9968956896202024,0.9959898209711032,0.9965331444959934
RF_Single_Train-Class_Conditional,1748364853.3041885,ncc2,scenario1,Autoencoder,0.1,940850,8982,415,28785,0.9904017437632273,0.7621733259194535,0.9857876712328767,0.8596771544193409,0.931149598555966
RF_Single_Train-Anomaly(with Normal),1748364853.5414424,ncc2,scenario1,Autoencoder,0.1,949823,9,27185,2015,0.9722235841116531,0.9955533596837944,0.0690068493150685,0.12906738406354087,0.08478926816131421
RF_Single_Train-Anomaly(with Botnet),1748364853.8046486,ncc2,scenario1,Autoencoder,0.1,947920,1912,29083,117,0.9683411778164555,0.05766387382947265,0.004006849315068493,0.007493035319734862,0.004923040671889859
RF_Single_Train-WithCorrelation,1748364866.554532,ncc2,scenario1,Autoencoder,0.1,940971,8861,415,28785,0.9905253352290834,0.7646230675237741,0.9857876712328767,0.8612332824701553,0.9318791033759373
RF_Single_Train-WithRatio,1748364867.093339,ncc2,scenario1,Autoencoder,0.1,936090,13742,0,29200,0.9859636865802139,0.679986959154208,1.0,0.8095145684899226,0.9139737827246435
RF_Single_Train-WithRatioAfterCorr,1748364867.620668,ncc2,scenario1,Autoencoder,0.1,936211,13621,0,29200,0.98608727804607,0.681908409425282,1.0,0.8108746060176892,0.9146666165479479
Background_Filter,1748365714.9312325,ncc2,scenario2,Autoencoder,0.1,78228,6004,3016,1112379,0.9924809961763115,0.9946315349929318,0.997296025174938,0.9959619980141268,0.9967619856977546
RF_Single_Train-Class_Conditional,1748365942.9429064,ncc2,scenario2,Autoencoder,0.1,1121222,5605,1901,70899,0.9937430551329705,0.9267358569486562,0.9738873626373626,0.94972673203665,0.9640770837412701
RF_Single_Train-Anomaly(with Normal),1748365943.2921472,ncc2,scenario2,Autoencoder,0.1,1126824,3,68742,4058,0.9426946875987287,0.9992612656981039,0.05574175824175824,0.10559321372347484,0.06871886229471552
RF_Single_Train-Anomaly(with Botnet),1748365943.6251767,ncc2,scenario2,Autoencoder,0.1,1123044,3783,72542,258,0.936376056891017,0.06384558277654045,0.003543956043956044,0.006715165081141578,0.004369311850318892
RF_Single_Train-WithCorrelation,1748365959.0102906,ncc2,scenario2,Autoencoder,0.1,1121368,5459,1901,70899,0.9938647596294515,0.9285078184342178,0.9738873626373626,0.9506563509835209,0.9644600307978605
RF_Single_Train-WithRatio,1748365959.6859741,ncc2,scenario2,Autoencoder,0.1,1121201,5626,0,72800,0.9953102089232736,0.9282635860556449,1.0,0.9627974025630514,0.9847792092547603
RF_Single_Train-WithRatioAfterCorr,1748365960.3456478,ncc2,scenario2,Autoencoder,0.1,1121347,5480,0,72800,0.9954319134197547,0.9299948901379663,1.0,0.9637278263171829,0.9851683447006604
Background_Filter,1748366531.4554536,ncc2,scenario3,Autoencoder,0.1,65345,7704,3804,700306,0.9851922193527965,0.9891187977570939,0.9945974350598628,0.9918505509446789,0.993496857665735
RF_Single_Train-Class_Conditional,1748366715.8622155,ncc2,scenario3,Autoencoder,0.1,711697,6662,2867,55933,0.987738673810636,0.8935697739436057,0.9512414965986394,0.9215041805675687,0.9391191927332561
RF_Single_Train-Anomaly(with Normal),1748366716.083786,ncc2,scenario3,Autoencoder,0.1,718333,26,55368,3432,0.9287224364640955,0.9924812030075187,0.05836734693877551,0.11025089145170099,0.07190205230916207
RF_Single_Train-Anomaly(with Botnet),1748366716.2736502,ncc2,scenario3,Autoencoder,0.1,716693,1666,58794,6,0.9222038218691413,0.0035885167464114833,0.00010204081632653062,0.00019843894695065485,0.0001266506805363234
RF_Single_Train-WithCorrelation,1748366725.3449001,ncc2,scenario3,Autoencoder,0.1,711885,6474,2867,55933,0.9879805805504408,0.8962616373163267,0.9512414965986394,0.9229334939401189,0.9397124395595534
RF_Single_Train-WithRatio,1748366725.7001715,ncc2,scenario3,Autoencoder,0.1,711671,6688,0,58800,0.9913942964052401,0.8978744197410212,1.0,0.9461894953656025,0.9777576757303251
RF_Single_Train-WithRatioAfterCorr,1748366726.0752673,ncc2,scenario3,Autoencoder,0.1,711859,6500,0,58800,0.991636203145045,0.900459418070444,1.0,0.9476228847703465,0.978369384359401
Background_Filter,1748367024.2142444,ctu,scenario1,Autoencoder,0.1,9808,4463,2374,548284,0.9878975942109539,0.9919257815962819,0.9956887941335638,0.9938037257398689,0.9949339092734611
RF_Single_Train-Class_Conditional,1748367046.6687331,ctu,scenario1,Autoencoder,0.1,553949,2787,1240,6953,0.9928716705993142,0.7138603696098562,0.8486512876846088,0.775441922712318,0.8177691004892736
RF_Single_Train-Anomaly(with Normal),1748367046.80707,ctu,scenario1,Autoencoder,0.1,556562,174,8075,118,0.9853981650791516,0.4041095890410959,0.014402538752593678,0.027813789039481437,0.017844180982337286
RF_Single_Train-Anomaly(with Botnet),1748367046.9657667,ctu,scenario1,Autoencoder,0.1,556209,527,8190,3,0.9845697423924068,0.005660377358490566,0.0003661662394727206,0.0006878367534105239,0.0004504233979941145
RF_Single_Train-WithCorrelation,1748367054.9555173,ctu,scenario1,Autoencoder,0.1,554002,2734,1240,6953,0.9929654876984542,0.7177660782491999,0.8486512876846088,0.7777404921700224,0.8187898914246685
RF_Single_Train-WithRatio,1748367055.2876468,ctu,scenario1,Autoencoder,0.1,553944,2792,0,8193,0.9950577860226684,0.7458352298588985,1.0,0.8544165189279382,0.9361930662522567
RF_Single_Train-WithRatioAfterCorr,1748367055.6668854,ctu,scenario1,Autoencoder,0.1,553997,2739,0,8193,0.9951516031218083,0.7494511525795828,1.0,0.8567843137254902,0.9373283909939594
Background_Filter,1748367221.8460648,ctu,scenario2,Autoencoder,0.1,5206,807,1116,354497,0.9946823513796021,0.9977287055591831,0.9968617570223811,0.9972950428812365,0.9970350261790707
RF_Single_Train-Class_Conditional,1748367236.6090157,ctu,scenario2,Autoencoder,0.1,356220,1217,911,3278,0.994115467361307,0.7292547274749722,0.7825256624492719,0.7549516351911562,0.771257823161263
RF_Single_Train-Anomaly(with Normal),1748367236.7208247,ctu,scenario2,Autoencoder,0.1,357375,62,3935,254,0.9889471442871918,0.8037974683544303,0.06063499641919313,0.11276359600443951,0.07439081537019682
RF_Single_Train-Anomaly(with Botnet),1748367236.8145618,ctu,scenario2,Autoencoder,0.1,357409,28,4189,0,0.9883387809504848,0.0,0.0,0.0,0.0
RF_Single_Train-WithCorrelation,1748367241.423402,ctu,scenario2,Autoencoder,0.1,356308,1129,911,3278,0.9943588126959898,0.7438166553210801,0.7825256624492719,0.7626803164262448,0.7744648679298776
RF_Single_Train-WithRatio,1748367241.6288202,ctu,scenario2,Autoencoder,0.1,356146,1291,0,4189,0.9964300133286876,0.7644160583941606,1.0,0.8664805047057607,0.941940996582119
RF_Single_Train-WithRatioAfterCorr,1748367241.8191185,ctu,scenario2,Autoencoder,0.1,356234,1203,0,4189,0.9966733586633705,0.7768916913946587,1.0,0.8744389938419789,0.9456835831677803
Background_Filter,1748367702.910271,ctu,scenario3,Autoencoder,0.1,21127,7616,1106,912280,0.9907422444272493,0.9917208032212337,0.9987891209193046,0.9952424122420882,0.9973674083403302
RF_Single_Train-Class_Conditional,1748367739.4496868,ctu,scenario3,Autoencoder,0.1,936669,95,124,5241,0.999767547756199,0.9821964017991005,0.9768872320596459,0.9795346229324362,0.9779444693237797
RF_Single_Train-Anomaly(with Normal),1748367739.7027402,ctu,scenario3,Autoencoder,0.1,935828,936,5291,74,0.9933905017253476,0.07326732673267326,0.013793103448275862,0.023215686274509803,0.016466399643969738
RF_Single_Train-Anomaly(with Botnet),1748367739.9392478,ctu,scenario3,Autoencoder,0.1,935782,982,5365,0,0.9932631306328539,0.0,0.0,0.0,0.0
RF_Single_Train-WithCorrelation,1748367745.7903152,ctu,scenario3,Autoencoder,0.1,936684,80,124,5241,0.9997834691427607,0.9849652320992295,0.9768872320596459,0.9809096013475576,0.9784922146297749
RF_Single_Train-WithRatio,1748367746.2012637,ctu,scenario3,Autoencoder,0.1,936659,105,0,5365,0.999888550294068,0.9808043875685558,1.0,0.9903091832025842,0.9961010025993317
RF_Single_Train-WithRatioAfterCorr,1748367746.61201,ctu,scenario3,Autoencoder,0.1,936674,90,0,5365,0.9999044716806297,0.9835013748854262,1.0,0.9916820702402958,0.9966561396990525
Background_Filter,1748367872.8456516,ctu,scenario4,Autoencoder,0.1,2478,3092,1309,217337,0.980371605951404,0.9859728075706917,0.9940131536822078,0.9899766554688835,0.9923946108402366
RF_Single_Train-Class_Conditional,1748367881.6414006,ctu,scenario4,Autoencoder,0.1,222192,1508,272,244,0.9920612266742784,0.13926940639269406,0.4728682170542636,0.21516754850088182,0.319706498951782
RF_Single_Train-Anomaly(with Normal),1748367881.7004554,ctu,scenario4,Autoencoder,0.1,223613,87,436,80,0.9976674278374424,0.47904191616766467,0.15503875968992248,0.2342606149341142,0.17929179740026893
RF_Single_Train-Anomaly(with Botnet),1748367881.7640035,ctu,scenario4,Autoencoder,0.1,223511,189,516,0,0.9968557105648125,0.0,0.0,0.0,0.0
RF_Single_Train-WithCorrelation,1748367883.770112,ctu,scenario4,Autoencoder,0.1,222214,1486,272,244,0.9921593463445962,0.14104046242774568,0.4728682170542636,0.21727515583259127,0.32156035846072745
RF_Single_Train-WithRatio,1748367883.8806767,ctu,scenario4,Autoencoder,0.1,222187,1513,272,244,0.9920389267492061,0.13887307911212293,0.4728682170542636,0.214694236691597,0.3192881444647998
RF_Single_Train-WithRatioAfterCorr,1748367883.9754689,ctu,scenario4,Autoencoder,0.1,222209,1491,272,244,0.992137046419524,0.14063400576368876,0.4728682170542636,0.21679253665037762,0.32113714135298765
Background_Filter,1748367896.1123295,ctu,scenario5,Autoencoder,0.1,480,637,377,24474,0.9609519408502772,0.9746326311178368,0.9848295843225625,0.9797045754773628,0.9827731598602578
RF_Single_Train-Class_Conditional,1748367901.025744,ctu,scenario5,Autoencoder,0.1,25759,28,27,154,0.9978820086260012,0.8461538461538461,0.850828729281768,0.8484848484848485,0.8498896247240618
RF_Single_Train-Anomaly(with Normal),1748367901.037494,ctu,scenario5,Autoencoder,0.1,25769,18,156,25,0.9932994454713494,0.5813953488372093,0.13812154696132597,0.22321428571428573,0.16297262059973924
RF_Single_Train-Anomaly(with Botnet),1748367901.0512462,ctu,scenario5,Autoencoder,0.1,25746,41,181,0,0.9914510166358595,0.0,0.0,0.0,0.0
RF_Single_Train-WithCorrelation,1748367901.2332122,ctu,scenario5,Autoencoder,0.1,25764,23,27,154,0.9980745532963647,0.8700564971751412,0.850828729281768,0.8603351955307262,0.8546059933407325
RF_Single_Train-WithRatio,1748367901.2648077,ctu,scenario5,Autoencoder,0.1,25759,28,0,181,0.9989217498459643,0.8660287081339713,1.0,0.9282051282051282,0.969989281886388
RF_Single_Train-WithRatioAfterCorr,1748367901.2826612,ctu,scenario5,Autoencoder,0.1,25764,23,0,181,0.9991142945163278,0.8872549019607843,1.0,0.9402597402597402,0.9752155172413793
Background_Filter,1748367952.518551,ctu,scenario6,Autoencoder,0.1,1035,1390,424,108935,0.9837722751019824,0.9874008610922275,0.9961228614014392,0.99174268494747,0.9943661560425076
RF_Single_Train-Class_Conditional,1748367956.1042767,ctu,scenario6,Autoencoder,0.1,110852,6,9,917,0.9998658126386603,0.9934994582881906,0.990280777537797,0.991887506760411,0.9909228441754917
RF_Single_Train-Anomaly(with Normal),1748367956.1358757,ctu,scenario6,Autoencoder,0.1,110858,0,926,0,0.9917161668932942,0.0,0.0,0.0,0.0
RF_Single_Train-Anomaly(with Botnet),1748367956.1619878,ctu,scenario6,Autoencoder,0.1,110797,61,926,0,0.991170471623846,0.0,0.0,0.0,0.0
RF_Single_Train-WithCorrelation,1748367956.6638064,ctu,scenario6,Autoencoder,0.1,110854,4,9,917,0.9998837042868389,0.995656894679696,0.990280777537797,0.9929615592853276,0.9913513513513513
RF_Single_Train-WithRatio,1748367956.7083514,ctu,scenario6,Autoencoder,0.1,110852,6,0,926,0.9999463250554641,0.9935622317596566,1.0,0.9967707212055974,0.9987057808455565
RF_Single_Train-WithRatioAfterCorr,1748367956.7515163,ctu,scenario6,Autoencoder,0.1,110854,4,0,926,0.9999642167036428,0.9956989247311828,1.0,0.9978448275862069,0.9991368148467846
Background_Filter,1748367964.916008,ctu,scenario7,Autoencoder,0.1,100,249,111,22357,0.9842222903975106,0.9889852251614616,0.9950596403774257,0.9920131339574921,0.9938387951421611
RF_Single_Train-Class_Conditional,1748367965.5127783,ctu,scenario7,Autoencoder,0.1,22685,119,13,0,0.9942148398124205,0.0,0.0,0.0,0.0
RF_Single_Train-Anomaly(with Normal),1748367965.5286295,ctu,scenario7,Autoencoder,0.1,22793,11,13,0,0.9989481526931674,0.0,0.0,0.0,0.0
RF_Single_Train-Anomaly(with Botnet),1748367965.5441236,ctu,scenario7,Autoencoder,0.1,22800,4,13,0,0.9992549414909936,0.0,0.0,0.0,0.0
RF_Single_Train-WithCorrelation,1748367965.7906523,ctu,scenario7,Autoencoder,0.1,22693,111,13,0,0.9945654555813648,0.0,0.0,0.0,0.0
RF_Single_Train-WithRatio,1748367965.7964568,ctu,scenario7,Autoencoder,0.1,22685,119,13,0,0.9942148398124205,0.0,0.0,0.0,0.0
RF_Single_Train-WithRatioAfterCorr,1748367965.8123536,ctu,scenario7,Autoencoder,0.1,22693,111,13,0,0.9945654555813648,0.0,0.0,0.0,0.0
Background_Filter,1748368328.5966864,ctu,scenario8,Autoencoder,0.1,10675,5116,4136,570921,0.9843411503466204,0.9911186260604787,0.9928076695005886,0.9919624287851383,0.9924694004203368
RF_Single_Train-Class_Conditional,1748368348.854212,ctu,scenario8,Autoencoder,0.1,588877,745,9,1217,0.998723868067591,0.6202854230377166,0.9926590538336052,0.7634880803011292,0.8862510923390621
RF_Single_Train-Anomaly(with Normal),1748368349.0055695,ctu,scenario8,Autoencoder,0.1,589551,71,1226,0,0.9978048499783362,0.0,0.0,0.0,0.0
RF_Single_Train-Anomaly(with Botnet),1748368349.1529698,ctu,scenario8,Autoencoder,0.1,589039,583,1226,0,0.9969382988518197,0.0,0.0,0.0,0.0
RF_Single_Train-WithCorrelation,1748368352.2914717,ctu,scenario8,Autoencoder,0.1,588893,729,9,1217,0.9987509477902946,0.6253854059609455,0.9926590538336052,0.7673392181588903,0.8883211678832117
RF_Single_Train-WithRatio,1748368352.5524964,ctu,scenario8,Autoencoder,0.1,588609,1013,0,1226,0.9982855150563258,0.5475658776239393,1.0,0.7076479076479076,0.8581828363432731
RF_Single_Train-WithRatioAfterCorr,1748368352.8064883,ctu,scenario8,Autoencoder,0.1,588625,997,0,1226,0.9983125947790294,0.5515069725596041,1.0,0.7109307045520441,0.8601094429633787
Background_Filter,1748368597.324957,ctu,scenario9,Autoencoder,0.1,36787,6205,5566,368945,0.9718061906141992,0.9834599493535919,0.9851379532243378,0.9842982361360668,0.9848018945181332
RF_Single_Train-Class_Conditional,1748368655.7346222,ctu,scenario9,Autoencoder,0.1,374312,6193,2845,34153,0.9783522513610681,0.8465027512021018,0.9231039515649495,0.8831454282167976,0.9066943473967016
RF_Single_Train-Anomaly(with Normal),1748368655.8484418,ctu,scenario9,Autoencoder,0.1,379866,639,35521,1477,0.9133898439053133,0.6980151228733459,0.03992107681496297,0.07552283070000511,0.04919791083753031
RF_Single_Train-Anomaly(with Botnet),1748368655.9644048,ctu,scenario9,Autoencoder,0.1,378812,1693,36810,188,0.9077779081826957,0.09994683678894205,0.005081355748959403,0.009671030633503948,0.00627197694047627
RF_Single_Train-WithCorrelation,1748368661.1640275,ctu,scenario9,Autoencoder,0.1,374440,6065,2845,34153,0.9786588359844121,0.8491968770202397,0.9231039515649495,0.8846094073767095,0.9073109824132618
RF_Single_Train-WithRatio,1748368661.3752587,ctu,scenario9,Autoencoder,0.1,374251,6254,0,36998,0.9850204669188006,0.855405530380098,1.0,0.9220685358255452,0.9672983204701847
RF_Single_Train-WithRatioAfterCorr,1748368661.5608234,ctu,scenario9,Autoencoder,0.1,374379,6126,0,36998,0.9853270515421446,0.85794453204712,1.0,0.9235415990614313,0.9679461688189371
Background_Filter,1748368799.3448136,ctu,scenario10,Autoencoder,0.1,23169,1272,890,236629,0.99174683157734,0.9946532381116515,0.9962529313444398,0.995452442051239,0.9959325811863361
RF_Single_Train-Class_Conditional,1748368830.7126129,ctu,scenario10,Autoencoder,0.1,239663,1026,5,21266,0.9960642846236066,0.9539745200071774,0.999764938178741,0.9763331267359916,0.990258530770377
RF_Single_Train-Anomaly(with Normal),1748368830.7925572,ctu,scenario10,Autoencoder,0.1,240688,1,21151,120,0.9192548480684074,0.9917355371900827,0.0056414837102157864,0.011219147344801795,0.00704184026758993
RF_Single_Train-Anomaly(with Botnet),1748368830.8858647,ctu,scenario10,Autoencoder,0.1,239521,1168,21271,0,0.9143418842571385,0.0,0.0,0.0,0.0
RF_Single_Train-WithCorrelation,1748368833.2713737,ctu,scenario10,Autoencoder,0.1,239674,1015,5,21266,0.9961062757672927,0.9544454916745209,0.999764938178741,0.9765797207935342,0.9903599869603689
RF_Single_Train-WithRatio,1748368833.399057,ctu,scenario10,Autoencoder,0.1,239658,1031,0,21271,0.9960642846236066,0.9537709622455385,1.0,0.9763385582815046,0.9903991209282402
RF_Single_Train-WithRatioAfterCorr,1748368833.5104892,ctu,scenario10,Autoencoder,0.1,239669,1020,0,21271,0.9961062757672927,0.9542416221793549,1.0,0.9765850971029797,0.990500582072177
Background_Filter,1748368841.2052836,ctu,scenario11,Autoencoder,0.1,2146,31,29,19245,0.9972029276024428,0.9983917825274954,0.9984953823804088,0.998443579766537,0.9984746606898269
RF_Single_Train-Class_Conditional,1748368844.7037075,ctu,scenario11,Autoencoder,0.1,19817,1,0,1633,0.9999533821267074,0.9993880048959608,1.0,0.9996939087848179,0.999877541023757
RF_Single_Train-Anomaly(with Normal),1748368844.7134566,ctu,scenario11,Autoencoder,0.1,19818,0,1621,12,0.9244324273926623,1.0,0.007348438456827924,0.01458966565349544,0.009168704156479218
RF_Single_Train-Anomaly(with Botnet),1748368844.725467,ctu,scenario11,Autoencoder,0.1,19811,7,1633,0,0.9235466878001025,0.0,0.0,0.0,0.0
RF_Single_Train-WithCorrelation,1748368844.8824847,ctu,scenario11,Autoencoder,0.1,19818,0,0,1633,1.0,1.0,1.0,1.0,1.0
RF_Single_Train-WithRatio,1748368844.8942208,ctu,scenario11,Autoencoder,0.1,19817,1,0,1633,0.9999533821267074,0.9993880048959608,1.0,0.9996939087848179,0.999877541023757
RF_Single_Train-WithRatioAfterCorr,1748368844.909971,ctu,scenario11,Autoencoder,0.1,19818,0,0,1633,1.0,1.0,1.0,1.0,1.0
Background_Filter,1748368878.3545804,ctu,scenario12,Autoencoder,0.1,961,999,472,62663,0.9774022582379599,0.9843077503063051,0.9925239566009345,0.9883987791509263,0.9908697604695732
RF_Single_Train-Class_Conditional,1748368881.9964166,ctu,scenario12,Autoencoder,0.1,64594,67,68,366,0.9979261079960058,0.8452655889145496,0.8433179723502304,0.8442906574394463,0.8437067773167358
RF_Single_Train-Anomaly(with Normal),1748368882.017658,ctu,scenario12,Autoencoder,0.1,64651,10,372,62,0.9941316537368462,0.8611111111111112,0.14285714285714285,0.2450592885375494,0.17146017699115043
RF_Single_Train-Anomaly(with Botnet),1748368882.037418,ctu,scenario12,Autoencoder,0.1,64632,29,434,0,0.9928873185344497,0.0,0.0,0.0,0.0
RF_Single_Train-WithCorrelation,1748368882.598254,ctu,scenario12,Autoencoder,0.1,64617,44,69,365,0.9982640755818419,0.8924205378973105,0.8410138248847926,0.8659549228944247,0.8508158508158508
RF_Single_Train-WithRatio,1748368882.6192424,ctu,scenario12,Autoencoder,0.1,64591,70,8,426,0.9988017512865811,0.8588709677419355,0.9815668202764977,0.9161290322580645,0.9543010752688172
RF_Single_Train-WithRatioAfterCorr,1748368882.6510663,ctu,scenario12,Autoencoder,0.1,64614,47,9,425,0.9991397188724173,0.9004237288135594,0.9792626728110599,0.9381898454746137,0.9624094202898551
Background_Filter,1748369055.5890608,ctu,scenario13,Autoencoder,0.1,10451,3938,2284,368358,0.983840262212653,0.989422395083482,0.9938377194165798,0.991625142340276,0.992951504800352
RF_Single_Train-Class_Conditional,1748369084.7793345,ctu,scenario13,Autoencoder,0.1,374284,2746,354,7647,0.9919487002345265,0.7357837005676898,0.9557555305586801,0.8314667826465152,0.9018326768403425
RF_Single_Train-Anomaly(with Normal),1748369084.8687751,ctu,scenario13,Autoencoder,0.1,376837,193,7559,442,0.9798665561993709,0.6960629921259842,0.05524309461317335,0.10236220472440945,0.06771040779435644
RF_Single_Train-Anomaly(with Botnet),1748369084.97904,ctu,scenario13,Autoencoder,0.1,376898,132,8001,0,0.9788770254862595,0.0,0.0,0.0,0.0
RF_Single_Train-WithCorrelation,1748369089.4536204,ctu,scenario13,Autoencoder,0.1,374347,2683,354,7647,0.9921123234233088,0.74027105517909,0.9557555305586801,0.834324368555998,0.9031747531534936
RF_Single_Train-WithRatio,1748369089.6341894,ctu,scenario13,Autoencoder,0.1,374280,2750,0,8001,0.9928577179499832,0.7442098409450284,1.0,0.853348976109215,0.9356800374225237
RF_Single_Train-WithRatioAfterCorr,1748369089.7912579,ctu,scenario13,Autoencoder,0.1,374343,2687,0,8001,0.9930213411387655,0.7485965568862275,1.0,0.8562255872438332,0.9370608076454605
